period,minute,second,player_name,is_successful,x,y,end_x,end_y,position,pass_receiver,pass_receiver_position,formation
1,0,7,levi colwill,1,26.7,63.3,26.4,83.4,LCB,marc cucurella,LB,4231
1,0,9,marc cucurella,0,25.9,84.6,43.6,62.9,LB,,,4231
1,0,23,malo gusto,1,9.7,4.3,24.9,7.1,RB,noni madueke,RM,4231
1,0,39,wesley fofana,1,23.3,17.8,9.1,37.4,RCB,robert sanchez,GK,4231
1,0,43,robert sanchez,1,9.1,37.4,15.9,69.0,GK,levi colwill,LCB,4231
1,0,48,levi colwill,1,33.4,70.7,49.1,91.5,LCB,marc cucurella,LB,4231
1,0,52,marc cucurella,1,57.3,92.1,39.0,76.5,LB,levi colwill,LCB,4231
1,0,57,levi colwill,1,39.0,76.4,56.2,74.0,LCB,enzo fernandez,LCDM,4231
1,1,0,enzo fernandez,1,56.2,74.0,54.9,91.7,LCDM,marc cucurella,LB,4231
1,1,3,marc cucurella,1,58.4,90.2,71.2,91.1,LB,pedro neto,LM,4231
1,1,58,cole palmer,0,70.0,88.4,86.4,58.5,CAM,,,4231
1,2,3,malo gusto,1,61.2,71.9,69.3,89.9,RB,enzo fernandez,LCDM,4231
1,2,6,enzo fernandez,1,68.6,87.8,85.5,88.7,LCDM,marc cucurella,LB,4231
1,2,7,marc cucurella,1,85.5,88.7,79.4,94.7,LB,cole palmer,CAM,4231
1,2,9,cole palmer,1,79.4,94.7,74.4,87.0,CAM,enzo fernandez,LCDM,4231
1,2,11,enzo fernandez,1,73.5,86.9,58.6,71.6,LCDM,malo gusto,RB,4231
1,2,15,malo gusto,1,56.6,68.4,56.0,37.3,RB,moises caicedo,RCDM,4231
1,2,18,moises caicedo,1,56.4,37.3,62.1,8.0,RCDM,pedro neto,LM,4231
1,2,20,pedro neto,1,62.1,8.0,45.6,24.7,LM,moises caicedo,RCDM,4231
1,2,23,moises caicedo,1,44.8,29.0,44.8,50.1,RCDM,malo gusto,RB,4231
1,2,27,malo gusto,1,44.7,50.3,46.6,83.6,RB,marc cucurella,LB,4231
1,2,30,marc cucurella,1,46.6,83.6,37.5,65.1,LB,levi colwill,LCB,4231
1,2,32,levi colwill,1,37.5,65.1,20.5,49.0,LCB,robert sanchez,GK,4231
1,2,35,robert sanchez,1,20.5,49.1,28.4,66.8,GK,levi colwill,LCB,4231
1,2,40,levi colwill,1,39.8,68.0,56.0,88.2,LCB,marc cucurella,LB,4231
1,2,44,marc cucurella,1,62.0,86.9,75.5,90.9,LB,pedro neto,LM,4231
1,2,46,pedro neto,1,75.5,90.9,87.6,73.8,LM,enzo fernandez,LCDM,4231
1,2,48,enzo fernandez,0,87.6,73.8,97.5,49.6,LCDM,,,4231
1,3,14,wesley fofana,1,53.5,31.1,61.2,14.9,RCB,malo gusto,RB,4231
1,3,17,malo gusto,1,61.3,21.2,42.8,27.1,RB,wesley fofana,RCB,4231
1,3,21,wesley fofana,1,43.9,31.3,42.6,54.2,RCB,levi colwill,LCB,4231
1,3,27,levi colwill,1,39.3,59.1,38.3,34.3,LCB,moises caicedo,RCDM,4231
1,3,30,moises caicedo,1,38.7,34.7,52.4,10.6,RCDM,wesley fofana,RCB,4231
1,3,36,wesley fofana,1,57.2,42.4,59.4,67.5,RCB,marc cucurella,LB,4231
1,3,38,marc cucurella,1,60.6,75.3,64.7,91.7,LB,pedro neto,LM,4231
1,3,40,pedro neto,1,64.7,91.4,65.0,77.6,LM,enzo fernandez,LCDM,4231
1,3,41,enzo fernandez,1,64.7,76.4,57.0,85.8,LCDM,marc cucurella,LB,4231
1,3,43,marc cucurella,1,57.0,85.8,40.5,65.1,LB,levi colwill,LCB,4231
1,3,45,levi colwill,1,40.5,65.0,42.6,45.7,LCB,moises caicedo,RCDM,4231
1,3,48,moises caicedo,1,42.6,45.7,54.2,16.9,RCDM,wesley fofana,RCB,4231
1,3,51,wesley fofana,1,59.5,12.7,64.3,1.1,RCB,noni madueke,RM,4231
1,3,57,noni madueke,1,48.4,8.9,30.8,41.2,RM,robert sanchez,GK,4231
1,4,1,robert sanchez,1,30.8,41.2,40.0,63.5,GK,levi colwill,LCB,4231
1,4,6,levi colwill,1,56.6,70.7,61.7,89.0,LCB,marc cucurella,LB,4231
1,4,7,marc cucurella,1,61.8,89.1,52.4,79.4,LB,levi colwill,LCB,4231
1,4,14,levi colwill,1,44.1,68.7,47.2,88.4,LCB,marc cucurella,LB,4231
1,4,15,marc cucurella,0,47.2,88.4,57.2,100.0,LB,,,4231
1,4,47,malo gusto,1,60.5,17.9,64.6,29.0,RB,enzo fernandez,LCDM,4231
1,4,48,enzo fernandez,1,64.6,29.0,70.7,23.8,LCDM,cole palmer,CAM,4231
1,4,49,cole palmer,0,70.7,23.8,67.3,36.5,CAM,,,4231
1,6,11,malo gusto,1,58.8,0.0,41.7,12.5,RB,wesley fofana,RCB,4231
1,6,14,wesley fofana,1,43.2,19.6,40.1,42.8,RCB,levi colwill,LCB,4231
1,6,22,levi colwill,1,42.3,61.4,42.0,32.9,LCB,moises caicedo,RCDM,4231
1,6,25,moises caicedo,1,42.3,34.3,42.7,66.6,RCDM,levi colwill,LCB,4231
1,6,31,levi colwill,1,57.9,68.3,73.0,89.4,LCB,marc cucurella,LB,4231
1,6,33,marc cucurella,0,73.0,89.4,86.2,87.3,LB,,,4231
1,6,48,marc cucurella,1,80.9,100.0,93.2,81.0,LB,enzo fernandez,LCDM,4231
1,6,57,moises caicedo,0,65.2,87.2,79.2,86.0,RCDM,,,4231
1,7,3,marc cucurella,1,64.6,82.1,72.2,94.5,LB,pedro neto,LM,4231
1,7,57,wesley fofana,1,38.7,9.5,31.4,30.1,RCB,levi colwill,LCB,4231
1,7,59,levi colwill,1,30.1,38.6,34.6,67.5,LCB,marc cucurella,LB,4231
1,8,1,marc cucurella,1,34.6,67.5,41.4,85.2,LB,enzo fernandez,LCDM,4231
1,8,2,enzo fernandez,1,41.4,85.2,29.4,85.7,LCDM,marc cucurella,LB,4231
1,8,5,marc cucurella,1,29.4,85.7,26.6,65.7,LB,levi colwill,LCB,4231
1,8,7,levi colwill,1,28.8,65.0,30.6,31.1,LCB,moises caicedo,RCDM,4231
1,8,10,moises caicedo,1,31.0,31.3,31.7,59.1,RCDM,levi colwill,LCB,4231
1,8,12,levi colwill,1,31.6,59.6,33.2,29.3,LCB,moises caicedo,RCDM,4231
1,8,18,moises caicedo,1,38.0,30.8,45.2,9.5,RCDM,wesley fofana,RCB,4231
1,8,20,wesley fofana,1,45.2,9.5,54.1,19.0,RCB,malo gusto,RB,4231
1,8,21,malo gusto,0,54.1,16.8,59.5,0.0,RB,,,4231
1,9,0,moises caicedo,1,40.3,29.6,44.5,14.0,RCDM,wesley fofana,RCB,4231
1,9,1,wesley fofana,1,44.5,14.0,39.2,33.5,RCB,moises caicedo,RCDM,4231
1,9,2,moises caicedo,1,39.1,33.5,40.9,54.9,RCDM,levi colwill,LCB,4231
1,9,30,levi colwill,0,39.2,56.0,86.2,33.2,LCB,,,4231
1,9,35,noni madueke,1,71.6,46.9,76.2,61.2,RM,enzo fernandez,LCDM,4231
1,9,35,enzo fernandez,1,76.2,61.4,71.5,55.2,LCDM,noni madueke,RM,4231
1,9,41,noni madueke,1,73.2,23.9,73.3,7.7,RM,malo gusto,RB,4231
1,9,42,malo gusto,1,73.3,7.7,89.7,13.7,RB,noni madueke,RM,4231
1,9,45,noni madueke,0,90.2,16.1,88.0,40.4,RM,,,4231
1,9,50,malo gusto,1,73.8,16.0,61.5,34.9,RB,levi colwill,LCB,4231
1,9,53,levi colwill,1,61.5,34.9,63.3,13.7,LCB,moises caicedo,RCDM,4231
1,9,55,moises caicedo,1,63.3,13.7,70.4,5.8,RCDM,noni madueke,RM,4231
1,9,57,noni madueke,1,70.4,6.2,58.2,14.3,RM,moises caicedo,RCDM,4231
1,9,59,moises caicedo,1,58.2,14.3,58.1,78.6,RCDM,marc cucurella,LB,4231
1,10,5,marc cucurella,1,61.5,79.7,55.6,67.4,LB,levi colwill,LCB,4231
1,10,8,levi colwill,1,57.9,67.8,62.7,88.4,LCB,marc cucurella,LB,4231
1,10,10,marc cucurella,1,62.7,88.4,70.1,93.8,LB,pedro neto,LM,4231
1,10,13,pedro neto,0,64.7,90.3,71.7,69.2,LM,,,4231
1,10,23,levi colwill,1,35.5,62.1,42.7,39.2,LCB,malo gusto,RB,4231
1,10,25,malo gusto,1,42.3,40.4,47.3,28.1,RB,cole palmer,CAM,4231
1,10,27,cole palmer,0,45.8,36.8,54.5,49.4,CAM,,,4231
1,10,33,enzo fernandez,1,68.3,60.5,76.7,88.4,LCDM,pedro neto,LM,4231
1,10,38,pedro neto,0,88.4,83.3,87.5,78.3,LM,,,4231
1,10,49,marc cucurella,1,90.8,100.0,72.5,88.5,LB,levi colwill,LCB,4231
1,10,53,levi colwill,1,72.5,88.5,66.9,67.4,LCB,moises caicedo,RCDM,4231
1,10,56,moises caicedo,1,67.1,57.5,67.8,27.1,RCDM,wesley fofana,RCB,4231
1,10,59,wesley fofana,1,67.8,27.1,69.1,36.4,RCB,cole palmer,CAM,4231
1,11,4,cole palmer,1,67.6,39.4,71.6,10.3,CAM,noni madueke,RM,4231
1,11,7,noni madueke,1,70.3,10.6,60.1,24.5,RM,wesley fofana,RCB,4231
1,11,11,wesley fofana,1,60.2,24.7,67.8,19.7,RCB,malo gusto,RB,4231
1,11,13,malo gusto,1,67.8,19.7,38.6,54.3,RB,levi colwill,LCB,4231
1,11,19,levi colwill,1,38.6,54.3,47.3,82.5,LCB,marc cucurella,LB,4231
1,11,21,marc cucurella,1,47.3,82.5,45.7,63.5,LB,levi colwill,LCB,4231
1,11,25,levi colwill,1,52.5,64.4,56.5,53.4,LCB,cole palmer,CAM,4231
1,11,27,cole palmer,1,56.5,53.4,45.6,28.7,CAM,moises caicedo,RCDM,4231
1,11,30,moises caicedo,1,58.3,30.8,63.8,15.7,RCDM,wesley fofana,RCB,4231
1,11,33,wesley fofana,1,63.8,15.7,70.9,32.6,RCB,cole palmer,CAM,4231
1,12,19,malo gusto,1,56.8,9.7,40.4,14.2,RB,wesley fofana,RCB,4231
1,12,21,wesley fofana,1,40.4,14.2,14.9,49.1,RCB,robert sanchez,GK,4231
1,12,26,robert sanchez,1,14.3,55.4,20.3,85.5,GK,marc cucurella,LB,4231
1,12,51,wesley fofana,1,32.0,32.6,47.0,43.3,RCB,nicolas jackson,CF,4231
1,13,42,enzo fernandez,1,69.1,32.9,73.3,37.0,LCDM,cole palmer,CAM,4231
1,13,43,cole palmer,0,73.3,37.0,80.6,37.1,CAM,,,4231
1,13,48,robert sanchez,1,36.7,27.7,46.9,39.8,GK,enzo fernandez,LCDM,4231
1,13,52,enzo fernandez,1,46.7,42.1,40.1,62.0,LCDM,moises caicedo,RCDM,4231
1,13,54,moises caicedo,1,40.1,62.0,23.8,43.0,RCDM,robert sanchez,GK,4231
1,13,59,robert sanchez,0,25.5,38.8,84.6,88.4,GK,,,4231
1,14,10,enzo fernandez,1,41.8,64.5,35.7,69.2,LCDM,levi colwill,LCB,4231
1,14,14,levi colwill,1,36.8,68.4,37.9,53.0,LCB,enzo fernandez,LCDM,4231
1,14,17,enzo fernandez,1,37.8,48.1,49.5,11.0,LCDM,wesley fofana,RCB,4231
1,14,22,wesley fofana,1,60.7,13.3,65.7,3.2,RCB,noni madueke,RM,4231
1,14,28,noni madueke,1,75.3,6.1,67.3,15.5,RM,malo gusto,RB,4231
1,14,30,malo gusto,1,67.3,15.5,62.1,41.0,RB,moises caicedo,RCDM,4231
1,14,32,moises caicedo,1,62.1,41.0,65.4,71.9,RCDM,marc cucurella,LB,4231
1,14,34,marc cucurella,1,65.4,71.9,76.7,92.7,LB,pedro neto,LM,4231
1,14,37,pedro neto,1,76.4,92.7,68.9,72.5,LM,marc cucurella,LB,4231
1,14,39,marc cucurella,1,68.9,72.5,61.1,59.7,LB,moises caicedo,RCDM,4231
1,14,41,moises caicedo,1,61.1,59.7,68.2,61.2,RCDM,enzo fernandez,LCDM,4231
1,14,42,enzo fernandez,1,68.2,61.2,59.6,66.0,LCDM,moises caicedo,RCDM,4231
1,14,43,moises caicedo,1,59.6,66.0,54.4,43.9,RCDM,levi colwill,LCB,4231
1,14,46,levi colwill,1,56.5,41.8,60.3,14.0,LCB,wesley fofana,RCB,4231
1,14,47,wesley fofana,1,60.3,14.0,65.9,19.6,RCB,malo gusto,RB,4231
1,14,51,malo gusto,1,64.6,27.7,71.4,50.1,RB,enzo fernandez,LCDM,4231
1,14,53,enzo fernandez,0,71.4,50.1,92.0,49.6,LCDM,,,4231
1,16,1,robert sanchez,1,12.1,55.4,33.6,13.4,GK,malo gusto,RB,4231
1,16,3,malo gusto,1,33.5,13.4,27.1,44.9,RB,levi colwill,LCB,4231
1,16,5,levi colwill,1,27.1,44.9,32.4,70.7,LCB,marc cucurella,LB,4231
1,16,9,marc cucurella,0,35.9,70.2,71.3,73.7,LB,,,4231
1,17,53,marc cucurella,1,30.5,73.7,41.7,74.9,LB,levi colwill,LCB,4231
1,17,54,levi colwill,0,41.7,74.9,57.8,100.0,LCB,,,4231
1,19,20,malo gusto,1,32.6,31.0,35.6,59.0,RB,levi colwill,LCB,4231
1,19,23,levi colwill,1,29.9,60.2,9.6,48.1,LCB,robert sanchez,GK,4231
1,19,31,robert sanchez,1,10.9,40.1,14.9,61.5,GK,levi colwill,LCB,4231
1,19,33,levi colwill,1,14.9,61.5,21.4,88.7,LCB,marc cucurella,LB,4231
1,19,50,robert sanchez,1,25.3,58.4,26.1,78.8,GK,marc cucurella,LB,4231
1,19,54,marc cucurella,1,26.1,78.8,23.6,63.6,LB,levi colwill,LCB,4231
1,19,59,levi colwill,1,25.1,63.6,27.6,35.0,LCB,moises caicedo,RCDM,4231
1,20,1,moises caicedo,1,27.6,35.0,29.4,57.3,RCDM,levi colwill,LCB,4231
1,20,5,levi colwill,1,29.4,57.3,31.0,33.5,LCB,moises caicedo,RCDM,4231
1,20,8,moises caicedo,1,34.8,29.3,47.9,9.4,RCDM,wesley fofana,RCB,4231
1,20,17,noni madueke,1,60.7,1.9,60.1,3.1,RM,wesley fofana,RCB,4231
1,20,49,moises caicedo,1,33.6,26.0,37.6,57.6,RCDM,levi colwill,LCB,4231
1,20,51,levi colwill,1,45.9,64.7,58.7,86.1,LCB,marc cucurella,LB,4231
1,20,54,marc cucurella,1,58.6,84.2,40.6,86.4,LB,levi colwill,LCB,4231
1,20,57,levi colwill,1,40.2,80.9,38.9,50.1,LCB,moises caicedo,RCDM,4231
1,21,4,moises caicedo,1,41.1,44.9,44.3,11.9,RCDM,wesley fofana,RCB,4231
1,21,7,wesley fofana,1,44.3,11.9,87.1,19.4,RCB,noni madueke,RM,4231
1,22,0,moises caicedo,1,69.3,62.9,75.6,59.3,RCDM,enzo fernandez,LCDM,4231
1,22,1,enzo fernandez,1,75.6,59.3,73.4,36.1,LCDM,cole palmer,CAM,4231
1,22,3,cole palmer,1,73.4,36.1,77.0,16.4,CAM,noni madueke,RM,4231
1,22,6,noni madueke,1,77.0,17.0,89.0,25.1,RM,malo gusto,RB,4231
1,22,8,malo gusto,0,90.5,26.0,90.6,31.9,RB,,,4231
1,22,35,cole palmer,0,99.5,0.5,93.6,48.2,CAM,,,4231
1,22,39,enzo fernandez,0,71.2,36.8,92.7,50.1,LCDM,,,4231
1,22,43,nicolas jackson,1,94.7,78.6,77.1,81.9,CF,pedro neto,LM,4231
1,22,45,pedro neto,1,77.0,81.0,72.1,52.7,LM,enzo fernandez,LCDM,4231
1,22,48,enzo fernandez,0,72.1,52.7,95.2,42.5,LCDM,,,4231
1,23,25,cole palmer,0,99.5,0.5,96.7,42.5,CAM,,,4231
1,23,32,malo gusto,1,56.5,36.1,56.4,67.2,RB,moises caicedo,RCDM,4231
1,23,35,moises caicedo,1,56.4,67.2,71.3,90.9,RCDM,pedro neto,LM,4231
1,23,41,pedro neto,1,71.5,72.9,64.5,75.2,LM,moises caicedo,RCDM,4231
1,23,44,moises caicedo,1,66.4,67.2,67.2,15.8,RCDM,enzo fernandez,LCDM,4231
1,23,46,enzo fernandez,1,67.2,15.8,74.4,8.9,LCDM,cole palmer,CAM,4231
1,23,51,cole palmer,1,64.6,14.2,43.2,32.0,CAM,malo gusto,RB,4231
1,23,55,malo gusto,1,43.2,32.0,48.2,20.9,RB,cole palmer,CAM,4231
1,23,59,cole palmer,1,44.4,23.5,38.0,36.7,CAM,malo gusto,RB,4231
1,24,2,malo gusto,1,38.0,38.2,36.9,59.9,RB,moises caicedo,RCDM,4231
1,24,5,moises caicedo,1,36.9,60.5,43.0,91.8,RCDM,marc cucurella,LB,4231
1,24,9,marc cucurella,1,55.9,91.7,43.6,68.9,LB,moises caicedo,RCDM,4231
1,24,15,moises caicedo,1,43.5,66.5,42.3,19.9,RCDM,wesley fofana,RCB,4231
1,24,17,wesley fofana,1,42.3,19.9,55.9,6.1,RCB,enzo fernandez,LCDM,4231
1,24,44,levi colwill,1,29.6,35.6,42.0,15.2,LCB,noni madueke,RM,4231
1,24,49,noni madueke,1,67.9,22.6,87.9,31.3,RM,cole palmer,CAM,4231
1,24,52,cole palmer,1,87.9,31.3,97.9,53.4,CAM,nicolas jackson,CF,4231
1,28,49,robert sanchez,1,11.0,51.2,21.2,63.8,GK,levi colwill,LCB,4231
1,29,0,levi colwill,1,24.5,56.9,35.5,7.9,LCB,wesley fofana,RCB,4231
1,29,58,malo gusto,1,13.8,13.0,32.6,1.7,RB,noni madueke,RM,4231
1,30,5,noni madueke,1,55.1,10.7,54.2,16.3,RM,cole palmer,CAM,4231
1,30,5,cole palmer,1,54.2,16.3,68.7,13.4,CAM,noni madueke,RM,4231
1,30,39,wesley fofana,1,39.5,29.0,42.8,50.4,RCB,marc cucurella,LB,4231
1,30,41,marc cucurella,1,42.8,50.4,16.0,47.3,LB,robert sanchez,GK,4231
1,30,45,robert sanchez,1,16.3,47.0,23.3,67.1,GK,levi colwill,LCB,4231
1,30,47,levi colwill,1,23.3,67.2,34.7,65.4,LCB,moises caicedo,RCDM,4231
1,30,52,moises caicedo,1,33.5,67.2,54.7,88.1,RCDM,marc cucurella,LB,4231
1,30,55,marc cucurella,1,54.7,88.1,62.3,65.1,LB,enzo fernandez,LCDM,4231
1,30,56,enzo fernandez,1,62.5,66.3,59.7,54.3,LCDM,cole palmer,CAM,4231
1,30,59,cole palmer,1,59.7,54.3,67.4,7.0,CAM,noni madueke,RM,4231
1,31,2,noni madueke,1,67.4,7.0,78.7,12.8,RM,malo gusto,RB,4231
1,31,5,malo gusto,0,92.1,16.9,94.4,49.7,RB,,,4231
1,33,29,moises caicedo,1,40.3,60.9,31.4,71.3,RCDM,levi colwill,LCB,4231
1,33,30,levi colwill,1,31.4,71.3,9.5,56.6,LCB,robert sanchez,GK,4231
1,33,34,robert sanchez,1,9.9,63.6,18.7,93.0,GK,marc cucurella,LB,4231
1,33,37,marc cucurella,1,18.7,93.0,12.0,86.9,LB,levi colwill,LCB,4231
1,33,38,levi colwill,1,12.0,86.7,4.6,56.0,LCB,robert sanchez,GK,4231
1,33,41,robert sanchez,1,5.9,54.9,22.6,41.5,GK,cole palmer,CAM,4231
1,33,43,cole palmer,1,22.5,41.5,19.0,74.6,CAM,levi colwill,LCB,4231
1,33,49,levi colwill,0,28.3,73.1,40.6,86.0,LCB,,,4231
1,34,39,levi colwill,1,37.3,71.4,37.5,42.2,LCB,moises caicedo,RCDM,4231
1,34,41,moises caicedo,1,37.2,42.5,35.8,63.2,RCDM,levi colwill,LCB,4231
1,34,45,levi colwill,1,35.8,63.2,36.8,34.3,LCB,moises caicedo,RCDM,4231
1,34,49,moises caicedo,1,37.8,34.1,47.3,9.4,RCDM,wesley fofana,RCB,4231
1,34,53,wesley fofana,1,41.9,21.2,32.2,51.0,RCB,levi colwill,LCB,4231
1,34,55,levi colwill,1,31.2,54.2,35.7,84.2,LCB,marc cucurella,LB,4231
1,35,1,marc cucurella,1,60.4,85.5,72.0,94.1,LB,pedro neto,LM,4231
1,35,7,pedro neto,1,71.7,87.6,60.9,74.3,LM,levi colwill,LCB,4231
1,35,10,levi colwill,1,60.9,74.1,55.7,55.4,LCB,moises caicedo,RCDM,4231
1,35,12,moises caicedo,1,55.7,55.4,59.5,18.7,RCDM,wesley fofana,RCB,4231
1,35,14,wesley fofana,1,59.5,18.7,69.8,26.5,RCB,malo gusto,RB,4231
1,35,17,malo gusto,1,69.8,26.6,65.1,35.0,RB,cole palmer,CAM,4231
1,35,20,cole palmer,1,65.1,35.0,57.5,20.0,CAM,wesley fofana,RCB,4231
1,35,21,wesley fofana,1,57.9,20.0,48.2,45.4,RCB,levi colwill,LCB,4231
1,35,24,levi colwill,1,49.7,46.1,53.7,74.3,LCB,marc cucurella,LB,4231
1,35,28,marc cucurella,1,54.2,75.8,44.6,47.6,LB,levi colwill,LCB,4231
1,35,32,levi colwill,1,44.8,48.1,44.7,23.2,LCB,wesley fofana,RCB,4231
1,35,37,wesley fofana,1,42.4,32.8,21.3,44.3,RCB,robert sanchez,GK,4231
1,35,41,robert sanchez,1,21.3,44.3,25.3,62.0,GK,levi colwill,LCB,4231
1,35,44,levi colwill,1,26.5,62.4,19.4,39.5,LCB,robert sanchez,GK,4231
1,35,48,robert sanchez,1,21.3,40.3,34.1,51.0,GK,cole palmer,CAM,4231
1,35,51,cole palmer,1,41.6,51.5,67.4,37.7,CAM,nicolas jackson,CF,4231
1,35,57,nicolas jackson,0,85.4,24.7,94.0,25.4,CF,,,4231
1,36,16,marc cucurella,1,11.0,28.3,25.7,15.1,LB,malo gusto,RB,4231
1,36,22,malo gusto,1,26.3,16.6,26.1,28.3,RB,moises caicedo,RCDM,4231
1,36,25,moises caicedo,1,26.4,30.1,28.4,53.6,RCDM,enzo fernandez,LCDM,4231
1,36,27,enzo fernandez,1,30.2,58.8,38.8,83.4,LCDM,marc cucurella,LB,4231
1,36,29,marc cucurella,1,38.8,83.4,34.2,63.6,LB,enzo fernandez,LCDM,4231
1,36,33,enzo fernandez,1,35.6,64.1,35.6,33.7,LCDM,moises caicedo,RCDM,4231
1,36,36,moises caicedo,1,35.6,33.7,38.6,13.6,RCDM,wesley fofana,RCB,4231
1,36,39,wesley fofana,1,38.6,13.6,35.2,29.3,RCB,moises caicedo,RCDM,4231
1,36,42,moises caicedo,1,35.2,29.9,34.5,59.3,RCDM,levi colwill,LCB,4231
1,36,44,levi colwill,1,34.5,59.3,52.5,94.1,LCB,pedro neto,LM,4231
1,36,48,pedro neto,1,52.5,94.1,55.8,79.5,LM,marc cucurella,LB,4231
1,36,49,marc cucurella,1,55.8,79.5,78.3,88.8,LB,pedro neto,LM,4231
1,36,53,pedro neto,0,86.1,84.3,90.6,82.4,LM,,,4231
1,37,58,malo gusto,1,38.8,25.1,77.1,81.5,RB,nicolas jackson,CF,4231
1,38,7,nicolas jackson,0,75.3,74.7,78.9,30.5,CF,,,4231
1,39,28,pedro neto,1,33.1,83.4,19.2,86.4,LM,marc cucurella,LB,4231
1,39,29,marc cucurella,1,19.2,86.4,27.3,94.2,LB,enzo fernandez,LCDM,4231
1,39,30,enzo fernandez,1,27.3,94.2,20.3,83.0,LCDM,marc cucurella,LB,4231
1,39,31,marc cucurella,1,20.3,83.0,26.3,73.1,LB,moises caicedo,RCDM,4231
1,39,33,moises caicedo,1,25.8,75.2,19.2,90.3,RCDM,enzo fernandez,LCDM,4231
1,39,52,marc cucurella,1,23.0,87.9,15.0,50.4,LB,robert sanchez,GK,4231
1,39,55,robert sanchez,1,17.3,49.4,31.2,54.2,GK,moises caicedo,RCDM,4231
1,39,59,moises caicedo,1,29.3,57.2,25.9,72.0,RCDM,levi colwill,LCB,4231
1,40,1,levi colwill,1,26.7,72.0,33.3,92.4,LCB,marc cucurella,LB,4231
1,40,5,marc cucurella,1,33.3,92.4,27.8,72.8,LB,levi colwill,LCB,4231
1,40,10,levi colwill,1,33.2,66.8,32.5,35.9,LCB,moises caicedo,RCDM,4231
1,40,14,moises caicedo,1,32.5,35.9,33.1,82.2,RCDM,levi colwill,LCB,4231
1,40,18,levi colwill,1,33.1,82.2,52.9,93.8,LCB,marc cucurella,LB,4231
1,40,19,marc cucurella,1,52.9,93.8,54.4,75.8,LB,enzo fernandez,LCDM,4231
1,40,21,enzo fernandez,0,54.4,75.8,68.7,82.7,LCDM,,,4231
1,40,38,noni madueke,1,25.6,21.5,8.1,38.6,RM,robert sanchez,GK,4231
1,40,39,robert sanchez,1,8.1,38.8,21.3,37.9,GK,malo gusto,RB,4231
1,40,42,malo gusto,1,25.4,37.3,31.8,9.7,RB,noni madueke,RM,4231
1,40,44,noni madueke,1,31.8,9.7,40.5,12.4,RM,wesley fofana,RCB,4231
1,40,47,wesley fofana,1,40.5,12.4,49.9,28.1,RCB,cole palmer,CAM,4231
1,40,52,cole palmer,1,58.3,50.0,75.1,87.3,CAM,pedro neto,LM,4231
1,40,56,pedro neto,0,89.0,87.9,88.6,81.3,LM,,,4231
1,41,30,moises caicedo,1,42.2,71.6,36.7,51.2,RCDM,wesley fofana,RCB,4231
1,41,37,wesley fofana,1,35.2,39.5,35.3,58.4,RCB,levi colwill,LCB,4231
1,41,39,levi colwill,1,36.4,61.8,43.4,90.3,LCB,marc cucurella,LB,4231
1,41,43,marc cucurella,1,43.4,90.3,36.3,67.8,LB,levi colwill,LCB,4231
1,41,46,levi colwill,1,36.3,67.8,36.2,41.2,LCB,moises caicedo,RCDM,4231
1,41,48,moises caicedo,1,36.2,41.2,37.2,65.6,RCDM,levi colwill,LCB,4231
1,41,51,levi colwill,1,37.2,65.6,52.7,91.1,LCB,marc cucurella,LB,4231
1,41,54,marc cucurella,1,52.7,91.1,38.3,73.4,LB,levi colwill,LCB,4231
1,41,57,levi colwill,1,38.3,73.4,44.5,60.3,LCB,cole palmer,CAM,4231
1,42,0,cole palmer,0,45.3,57.5,100.0,25.0,CAM,,,4231
1,42,26,levi colwill,0,39.3,70.8,67.9,60.3,LCB,,,4231
1,42,30,moises caicedo,1,60.2,66.5,59.9,90.3,RCDM,marc cucurella,LB,4231
1,42,32,marc cucurella,1,59.9,90.3,67.0,73.2,LB,enzo fernandez,LCDM,4231
1,42,34,enzo fernandez,0,67.0,73.2,93.0,83.4,LCDM,,,4231
1,43,2,marc cucurella,1,88.1,100.0,96.3,90.9,LB,pedro neto,LM,4231
1,43,5,pedro neto,1,96.3,90.9,89.7,96.3,LM,marc cucurella,LB,4231
1,43,6,marc cucurella,0,89.7,96.3,93.8,52.5,LB,,,4231
1,43,11,cole palmer,1,78.7,64.1,71.8,50.6,CAM,malo gusto,RB,4231
1,43,19,levi colwill,1,61.1,59.9,65.9,62.6,LCB,moises caicedo,RCDM,4231
1,43,20,moises caicedo,1,65.9,62.6,42.4,45.8,RCDM,wesley fofana,RCB,4231
1,43,24,wesley fofana,1,42.4,45.8,43.5,63.6,RCB,levi colwill,LCB,4231
1,43,25,levi colwill,1,43.6,63.8,46.3,83.6,LCB,marc cucurella,LB,4231
1,43,29,marc cucurella,1,46.2,83.6,59.0,91.5,LB,pedro neto,LM,4231
1,43,32,pedro neto,1,59.3,91.5,39.3,86.0,LM,marc cucurella,LB,4231
1,43,36,marc cucurella,1,37.4,85.5,21.9,41.8,LB,robert sanchez,GK,4231
1,43,45,robert sanchez,1,21.9,41.8,28.1,70.2,GK,levi colwill,LCB,4231
1,43,50,levi colwill,1,27.8,64.7,23.2,35.9,LCB,robert sanchez,GK,4231
1,43,56,robert sanchez,1,23.8,35.6,30.8,65.9,GK,levi colwill,LCB,4231
1,43,59,levi colwill,1,31.4,66.6,48.2,94.7,LCB,marc cucurella,LB,4231
1,44,2,marc cucurella,1,48.2,94.7,46.2,73.7,LB,enzo fernandez,LCDM,4231
1,44,5,enzo fernandez,1,45.9,68.4,47.8,8.2,LCDM,wesley fofana,RCB,4231
1,44,10,wesley fofana,1,47.6,8.9,43.4,33.5,RCB,moises caicedo,RCDM,4231
1,44,14,moises caicedo,1,43.4,33.5,36.9,57.0,RCDM,levi colwill,LCB,4231
1,44,16,levi colwill,1,36.8,57.0,53.9,54.2,LCB,cole palmer,CAM,4231
1,44,34,enzo fernandez,0,30.1,94.4,32.1,92.1,LCDM,,,4231
1,44,45,marc cucurella,1,30.5,100.0,35.6,73.2,LB,malo gusto,RB,4231
1,44,47,malo gusto,1,38.6,62.6,43.5,22.3,RB,wesley fofana,RCB,4231
1,44,50,wesley fofana,1,43.5,22.3,48.5,42.1,RCB,malo gusto,RB,4231
1,44,53,malo gusto,1,53.3,44.5,77.9,92.4,RB,pedro neto,LM,4231
1,44,59,pedro neto,1,78.3,91.7,78.8,73.1,LM,enzo fernandez,LCDM,4231
1,45,40,wesley fofana,0,31.6,59.0,40.9,70.8,RCB,,,4231
1,48,10,robert sanchez,0,3.7,54.6,59.8,68.7,GK,,,4231
2,45,0,enzo fernandez,1,50.1,50.1,17.7,49.7,LCDM,robert sanchez,GK,4231
2,45,5,robert sanchez,0,18.3,49.4,67.8,76.1,GK,,,4231
2,45,11,enzo fernandez,0,63.2,74.0,70.7,91.2,LCDM,,,4231
2,45,23,marc cucurella,1,66.0,100.0,46.6,88.7,LB,levi colwill,LCB,4231
2,45,29,levi colwill,1,45.8,77.4,45.5,33.8,LCB,wesley fofana,RCB,4231
2,45,32,wesley fofana,1,45.5,33.8,43.9,66.2,RCB,levi colwill,LCB,4231
2,45,37,levi colwill,1,49.1,69.5,62.1,92.9,LCB,pedro neto,LM,4231
2,45,38,pedro neto,1,62.1,92.9,61.8,81.9,LM,enzo fernandez,LCDM,4231
2,45,42,enzo fernandez,1,61.1,75.3,39.8,67.7,LCDM,levi colwill,LCB,4231
2,45,44,levi colwill,1,41.8,66.5,42.4,46.9,LCB,moises caicedo,RCDM,4231
2,45,47,moises caicedo,1,43.3,46.7,43.8,67.5,RCDM,levi colwill,LCB,4231
2,45,50,levi colwill,1,43.8,67.5,42.5,39.2,LCB,moises caicedo,RCDM,4231
2,45,54,moises caicedo,1,55.5,32.2,66.8,8.5,RCDM,wesley fofana,RCB,4231
2,46,6,malo gusto,1,72.3,27.5,64.1,58.5,RB,marc cucurella,LB,4231
2,46,8,marc cucurella,1,64.0,59.1,67.3,72.9,LB,enzo fernandez,LCDM,4231
2,46,11,enzo fernandez,1,67.3,72.9,53.4,53.9,LCDM,levi colwill,LCB,4231
2,46,14,levi colwill,1,53.4,53.9,56.1,36.2,LCB,moises caicedo,RCDM,4231
2,46,17,moises caicedo,1,56.1,36.2,52.6,56.0,RCDM,levi colwill,LCB,4231
2,46,19,levi colwill,1,52.6,56.0,59.3,52.7,LCB,cole palmer,CAM,4231
2,46,20,cole palmer,1,59.3,52.7,54.1,74.4,CAM,marc cucurella,LB,4231
2,46,21,marc cucurella,1,54.1,74.6,60.4,87.2,LB,enzo fernandez,LCDM,4231
2,46,23,enzo fernandez,1,60.5,87.2,68.8,71.3,LCDM,nicolas jackson,CF,4231
2,46,25,nicolas jackson,1,68.8,70.8,63.4,88.8,CF,enzo fernandez,LCDM,4231
2,46,27,enzo fernandez,1,63.4,88.8,75.6,93.6,LCDM,pedro neto,LM,4231
2,46,34,pedro neto,0,86.6,88.2,87.1,84.3,LM,,,4231
2,46,38,marc cucurella,1,75.8,85.1,67.2,72.5,LB,levi colwill,LCB,4231
2,46,40,levi colwill,1,67.0,71.3,67.8,58.2,LCB,moises caicedo,RCDM,4231
2,46,41,moises caicedo,0,67.8,58.1,76.6,59.9,RCDM,,,4231
2,48,27,cole palmer,1,99.5,0.5,90.4,55.4,CAM,levi colwill,LCB,4231
2,49,4,enzo fernandez,1,99.5,99.5,91.1,48.4,LCDM,wesley fofana,RCB,4231
2,49,14,moises caicedo,1,66.1,34.3,54.8,66.3,RCDM,malo gusto,RB,4231
2,49,17,malo gusto,1,54.8,66.3,57.5,84.9,RB,cole palmer,CAM,4231
2,49,19,cole palmer,0,57.6,84.9,100.0,22.7,CAM,,,4231
2,50,14,marc cucurella,0,51.5,89.7,59.5,67.7,LB,,,4231
2,50,42,robert sanchez,1,9.1,63.8,24.0,49.4,GK,moises caicedo,RCDM,4231
2,50,47,moises caicedo,1,33.1,36.1,88.0,23.3,RCDM,malo gusto,RB,4231
2,50,51,malo gusto,0,88.0,23.3,93.4,44.8,RB,,,4231
2,51,18,wesley fofana,1,30.6,34.3,25.4,61.1,RCB,levi colwill,LCB,4231
2,51,20,levi colwill,1,26.3,61.1,34.3,54.8,LCB,cole palmer,CAM,4231
2,51,23,cole palmer,1,35.4,56.0,75.5,84.0,CAM,pedro neto,LM,4231
2,51,29,enzo fernandez,0,82.3,62.4,89.2,44.0,LCDM,,,4231
2,54,16,enzo fernandez,1,49.7,49.9,21.0,47.9,LCDM,robert sanchez,GK,4231
2,54,18,robert sanchez,1,21.0,47.9,68.6,80.3,GK,nicolas jackson,CF,4231
2,54,21,marc cucurella,1,66.1,87.0,71.2,80.4,LB,nicolas jackson,CF,4231
2,54,25,cole palmer,0,69.2,69.2,78.5,68.1,CAM,,,4231
2,54,45,robert sanchez,1,14.7,31.4,42.4,11.6,GK,noni madueke,RM,4231
2,54,53,noni madueke,0,79.2,34.6,80.8,32.7,RM,,,4231
2,58,15,levi colwill,1,38.0,49.4,20.3,52.5,LCB,robert sanchez,GK,4231
2,58,17,robert sanchez,1,16.4,55.5,54.4,89.0,GK,joao felix,LM,4231
2,58,21,joao felix,1,44.0,93.3,36.7,91.8,LM,marc cucurella,LB,4231
2,58,23,marc cucurella,1,36.7,90.6,35.4,74.4,LB,enzo fernandez,LCDM,4231
2,58,24,enzo fernandez,1,35.4,74.4,12.2,47.9,LCDM,robert sanchez,GK,4231
2,58,30,robert sanchez,1,19.4,48.5,24.4,26.5,GK,wesley fofana,RCB,4231
2,58,33,wesley fofana,1,24.4,26.5,25.5,68.6,RCB,levi colwill,LCB,4231
2,58,38,levi colwill,1,35.8,67.8,57.0,69.5,LCB,enzo fernandez,LCDM,4231
2,58,40,enzo fernandez,1,57.0,69.5,46.5,87.0,LCDM,marc cucurella,LB,4231
2,58,42,marc cucurella,1,46.5,87.0,56.0,72.8,LB,enzo fernandez,LCDM,4231
2,58,43,enzo fernandez,1,56.0,72.8,40.9,70.5,LCDM,levi colwill,LCB,4231
2,58,45,levi colwill,1,40.9,70.5,34.8,39.2,LCB,moises caicedo,RCDM,4231
2,58,49,moises caicedo,1,35.2,38.2,56.7,12.1,RCDM,wesley fofana,RCB,4231
2,58,52,wesley fofana,1,57.2,11.9,55.5,22.4,RCB,malo gusto,RB,4231
2,58,55,malo gusto,1,48.3,20.0,20.2,43.7,RB,robert sanchez,GK,4231
2,58,59,robert sanchez,1,21.9,43.4,28.7,67.5,GK,levi colwill,LCB,4231
2,59,5,levi colwill,1,35.6,67.4,43.8,87.3,LCB,marc cucurella,LB,4231
2,59,9,marc cucurella,1,43.7,87.3,35.0,72.5,LB,levi colwill,LCB,4231
2,59,12,levi colwill,1,34.8,71.9,33.2,38.6,LCB,moises caicedo,RCDM,4231
2,59,15,moises caicedo,1,33.2,38.6,58.0,11.9,RCDM,wesley fofana,RCB,4231
2,59,19,wesley fofana,1,65.0,15.1,76.1,5.2,RCB,noni madueke,RM,4231
2,59,22,noni madueke,1,76.1,5.2,77.6,34.4,RM,malo gusto,RB,4231
2,59,32,noni madueke,1,68.1,10.6,75.7,4.6,RM,malo gusto,RB,4231
2,59,39,malo gusto,1,73.9,0.0,54.3,9.8,RB,wesley fofana,RCB,4231
2,59,42,wesley fofana,1,54.0,16.6,41.5,40.3,RCB,levi colwill,LCB,4231
2,59,43,levi colwill,1,41.5,40.3,48.3,42.7,LCB,cole palmer,CAM,4231
2,59,48,cole palmer,1,59.1,63.5,68.3,93.0,CAM,joao felix,LM,4231
2,62,1,robert sanchez,0,10.6,52.2,33.6,28.9,GK,,,4231
2,62,11,noni madueke,1,28.6,0.0,15.9,21.5,RM,wesley fofana,RCB,4231
2,62,16,wesley fofana,1,19.3,24.7,22.5,68.1,RCB,levi colwill,LCB,4231
2,62,23,levi colwill,1,30.4,69.6,28.7,49.3,LCB,moises caicedo,RCDM,4231
2,62,27,moises caicedo,1,29.4,48.7,39.8,10.1,RCDM,wesley fofana,RCB,4231
2,62,31,wesley fofana,0,40.2,10.0,74.9,32.8,RCB,,,4231
2,63,16,marc cucurella,0,42.5,92.7,56.4,86.9,LB,,,4231
2,63,23,robert sanchez,1,12.3,77.1,21.1,49.7,GK,moises caicedo,RCDM,4231
2,63,27,moises caicedo,1,26.2,47.8,32.7,74.0,RCDM,levi colwill,LCB,4231
2,63,32,levi colwill,1,31.9,71.9,30.1,44.9,LCB,moises caicedo,RCDM,4231
2,63,39,moises caicedo,1,35.3,39.7,18.3,49.9,RCDM,robert sanchez,GK,4231
2,63,42,robert sanchez,1,19.8,48.1,26.0,25.9,GK,moises caicedo,RCDM,4231
2,63,45,moises caicedo,1,28.6,25.0,45.9,5.6,RCDM,wesley fofana,RCB,4231
2,63,47,wesley fofana,1,45.0,7.6,33.4,20.0,RCB,moises caicedo,RCDM,4231
2,63,49,moises caicedo,1,33.4,20.0,18.6,49.3,RCDM,robert sanchez,GK,4231
2,63,53,robert sanchez,1,19.8,47.8,25.2,65.4,GK,levi colwill,LCB,4231
2,63,57,levi colwill,1,29.5,71.1,41.9,90.9,LCB,marc cucurella,LB,4231
2,63,59,marc cucurella,1,41.9,90.9,59.4,91.5,LB,joao felix,LM,4231
2,64,2,joao felix,1,59.4,91.5,44.1,93.6,LM,marc cucurella,LB,4231
2,64,3,marc cucurella,1,44.1,93.6,35.7,74.0,LB,levi colwill,LCB,4231
2,64,6,levi colwill,1,34.8,74.0,41.3,73.8,LCB,joao felix,LM,4231
2,64,8,joao felix,1,39.7,72.8,34.0,40.7,LM,moises caicedo,RCDM,4231
2,64,13,moises caicedo,1,38.5,34.0,37.4,65.0,RCDM,levi colwill,LCB,4231
2,64,18,levi colwill,1,42.0,68.7,55.0,90.0,LCB,marc cucurella,LB,4231
2,64,20,marc cucurella,1,55.0,90.0,63.1,71.6,LB,nicolas jackson,CF,4231
2,64,21,nicolas jackson,1,63.1,71.6,58.7,75.9,CF,joao felix,LM,4231
2,64,23,joao felix,1,61.1,69.8,68.9,29.8,LM,noni madueke,RM,4231
2,64,33,enzo fernandez,1,64.1,57.8,54.8,48.5,LCDM,joao felix,LM,4231
2,64,36,joao felix,1,59.1,50.1,68.2,57.8,LM,enzo fernandez,LCDM,4231
2,64,37,enzo fernandez,1,68.6,57.9,71.2,35.3,LCDM,joao felix,LM,4231
2,64,42,joao felix,1,71.1,35.3,78.3,19.7,LM,noni madueke,RM,4231
2,64,43,noni madueke,0,80.6,17.6,94.9,53.9,RM,,,4231
2,65,2,wesley fofana,1,20.5,83.6,9.2,55.1,RCB,robert sanchez,GK,4231
2,65,5,robert sanchez,1,9.2,55.1,23.3,59.1,GK,levi colwill,LCB,4231
2,65,12,levi colwill,1,22.6,49.4,26.0,27.5,LCB,wesley fofana,RCB,4231
2,65,15,wesley fofana,1,29.1,26.9,37.3,6.4,RCB,cole palmer,CAM,4231
2,65,26,cole palmer,1,55.3,80.7,52.8,84.6,CAM,marc cucurella,LB,4231
2,65,28,marc cucurella,1,52.8,84.6,50.5,71.6,LB,enzo fernandez,LCDM,4231
2,65,31,enzo fernandez,1,47.6,68.4,45.9,42.2,LCDM,moises caicedo,RCDM,4231
2,65,33,moises caicedo,1,49.5,41.9,61.0,14.3,RCDM,wesley fofana,RCB,4231
2,65,36,wesley fofana,1,61.0,14.3,70.9,5.3,RCB,noni madueke,RM,4231
2,65,42,noni madueke,1,68.7,22.9,63.0,10.9,RM,wesley fofana,RCB,4231
2,65,44,wesley fofana,1,62.4,13.1,51.0,50.7,RCB,levi colwill,LCB,4231
2,65,47,levi colwill,1,51.0,50.7,60.8,62.0,LCB,enzo fernandez,LCDM,4231
2,65,49,enzo fernandez,1,60.2,61.4,58.8,83.7,LCDM,marc cucurella,LB,4231
2,65,51,marc cucurella,1,58.8,83.7,57.6,68.9,LB,enzo fernandez,LCDM,4231
2,65,54,enzo fernandez,0,57.9,68.1,71.5,62.1,LCDM,,,4231
2,66,24,moises caicedo,0,21.2,47.6,25.8,45.8,RCDM,,,4231
2,68,35,levi colwill,1,27.7,53.1,35.8,60.8,LCB,cole palmer,CAM,4231
2,68,38,cole palmer,1,34.8,59.1,36.7,84.0,CAM,marc cucurella,LB,4231
2,68,41,marc cucurella,1,36.7,84.0,48.0,78.9,LB,enzo fernandez,LCDM,4231
2,68,44,enzo fernandez,1,48.0,78.9,34.2,36.1,LCDM,moises caicedo,RCDM,4231
2,68,48,moises caicedo,1,39.6,34.6,45.3,16.7,RCDM,wesley fofana,RCB,4231
2,68,49,wesley fofana,1,45.3,16.7,40.7,66.3,RCB,levi colwill,LCB,4231
2,68,53,levi colwill,1,41.2,66.8,57.9,88.7,LCB,marc cucurella,LB,4231
2,68,56,marc cucurella,1,57.9,88.7,64.2,90.2,LB,joao felix,LM,4231
2,69,7,moises caicedo,1,21.7,60.9,40.1,54.2,RCDM,cole palmer,CAM,4231
2,69,8,cole palmer,1,40.2,54.2,32.4,49.4,CAM,malo gusto,RB,4231
2,69,10,malo gusto,1,33.2,47.9,40.6,13.7,RB,noni madueke,RM,4231
2,70,24,robert sanchez,1,3.0,55.7,16.0,72.0,GK,levi colwill,LCB,4231
2,70,32,levi colwill,1,21.7,71.4,22.0,36.2,LCB,moises caicedo,RCDM,4231
2,70,33,moises caicedo,1,23.5,35.6,25.4,68.9,RCDM,levi colwill,LCB,4231
2,70,36,levi colwill,1,25.4,68.9,33.9,89.3,LCB,marc cucurella,LB,4231
2,70,38,marc cucurella,1,33.9,89.3,34.0,69.8,LB,cole palmer,CAM,4231
2,70,45,cole palmer,1,30.4,47.8,33.4,10.3,CAM,wesley fofana,RCB,4231
2,70,51,wesley fofana,1,36.3,9.5,32.9,31.1,RCB,moises caicedo,RCDM,4231
2,70,52,moises caicedo,1,35.1,33.1,36.2,71.1,RCDM,levi colwill,LCB,4231
2,70,55,levi colwill,1,36.3,71.1,48.8,89.7,LCB,marc cucurella,LB,4231
2,70,58,marc cucurella,1,48.8,89.7,42.0,71.6,LB,levi colwill,LCB,4231
2,71,2,levi colwill,1,42.0,71.6,53.5,88.4,LCB,marc cucurella,LB,4231
2,71,4,marc cucurella,1,53.5,88.4,60.7,92.3,LB,enzo fernandez,LCDM,4231
2,71,6,enzo fernandez,1,60.7,92.3,46.4,87.6,LCDM,marc cucurella,LB,4231
2,71,7,marc cucurella,1,46.4,87.6,36.2,72.8,LB,levi colwill,LCB,4231
2,71,9,levi colwill,1,36.2,72.8,47.3,68.7,LCB,enzo fernandez,LCDM,4231
2,71,14,enzo fernandez,1,53.3,65.4,57.2,47.3,LCDM,malo gusto,RB,4231
2,71,16,malo gusto,1,56.3,49.1,61.9,14.6,RB,wesley fofana,RCB,4231
2,71,20,wesley fofana,1,65.2,15.1,70.1,9.7,RCB,noni madueke,RM,4231
2,71,22,noni madueke,1,70.1,9.7,63.3,20.6,RM,malo gusto,RB,4231
2,71,25,malo gusto,1,63.3,20.6,56.2,32.3,RB,malo gusto,RB,4231
2,73,28,wesley fofana,1,46.7,29.5,42.7,40.7,RCB,enzo fernandez,CDM,433
2,73,29,enzo fernandez,1,42.7,40.7,58.7,10.0,CDM,moises caicedo,RB,433
2,73,32,moises caicedo,1,62.1,10.0,67.0,7.3,RB,noni madueke,RWF,433
2,73,35,noni madueke,1,70.1,8.3,86.9,14.5,RWF,moises caicedo,RB,433
2,73,48,moises caicedo,1,87.6,0.0,84.3,9.4,RB,noni madueke,RWF,433
2,73,50,noni madueke,1,84.3,9.4,89.0,3.1,RWF,moises caicedo,RB,433
2,73,51,moises caicedo,1,89.0,3.1,74.2,4.9,RB,wesley fofana,RCB,433
2,73,53,wesley fofana,1,73.7,5.0,79.6,3.1,RCB,moises caicedo,RB,433
2,73,56,moises caicedo,1,75.3,3.7,51.7,36.5,RB,levi colwill,LCB,433
2,74,0,levi colwill,1,45.6,42.4,54.7,39.8,LCB,enzo fernandez,CDM,433
2,74,2,enzo fernandez,0,55.0,39.8,88.6,47.0,CDM,,,433
2,74,23,mykhailo mudryk,0,62.4,89.0,72.0,82.7,LWF,,,433
2,74,27,levi colwill,1,57.3,75.2,65.0,69.0,LCB,joao felix,LCM,433
2,74,28,joao felix,1,65.1,68.9,59.8,60.9,LCM,enzo fernandez,CDM,433
2,74,29,enzo fernandez,1,59.8,60.9,70.1,35.5,CDM,cole palmer,RCM,433
2,74,35,cole palmer,1,73.7,18.5,66.6,27.2,RCM,moises caicedo,RB,433
2,74,37,moises caicedo,1,66.6,27.2,66.7,41.6,RB,enzo fernandez,CDM,433
2,74,39,enzo fernandez,1,66.9,41.9,65.9,75.8,CDM,marc cucurella,LB,433
2,74,41,marc cucurella,1,65.9,75.8,72.8,90.6,LB,mykhailo mudryk,LWF,433
2,74,47,mykhailo mudryk,0,83.7,87.3,77.1,83.6,LWF,,,433
2,75,38,cole palmer,1,87.2,90.9,95.2,43.0,RCM,levi colwill,LCB,433
2,76,11,moises caicedo,0,65.2,16.4,70.0,31.0,RB,,,433
2,77,15,cole palmer,1,44.3,0.0,46.6,25.6,RCM,noni madueke,RWF,433
2,77,16,noni madueke,1,46.6,25.6,57.4,5.5,RWF,cole palmer,RCM,433
2,77,21,cole palmer,1,44.6,20.9,39.5,68.3,RCM,levi colwill,LCB,433
2,77,26,levi colwill,1,55.8,68.3,61.7,73.7,LCB,joao felix,LCM,433
2,77,27,joao felix,1,61.7,73.7,56.7,84.8,LCM,marc cucurella,LB,433
2,77,31,marc cucurella,1,58.6,84.3,65.9,96.3,LB,mykhailo mudryk,LWF,433
2,77,34,mykhailo mudryk,0,69.5,94.7,76.0,80.4,LWF,,,433
2,77,54,levi colwill,1,44.8,86.3,55.6,79.1,LCB,enzo fernandez,CDM,433
2,77,56,enzo fernandez,1,45.9,79.5,37.0,83.1,CDM,levi colwill,LCB,433
2,77,57,levi colwill,1,37.0,83.1,33.6,56.0,LCB,wesley fofana,RCB,433
2,78,7,wesley fofana,1,55.4,29.3,42.4,63.6,RCB,levi colwill,LCB,433
2,78,13,levi colwill,1,58.8,66.6,66.8,84.0,LCB,marc cucurella,LB,433
2,78,16,marc cucurella,1,66.8,84.0,59.9,69.8,LB,levi colwill,LCB,433
2,78,18,levi colwill,1,59.9,69.8,54.0,48.7,LCB,enzo fernandez,CDM,433
2,78,20,enzo fernandez,1,58.6,45.4,72.8,11.5,CDM,wesley fofana,RCB,433
2,78,23,wesley fofana,0,73.0,11.8,100.0,67.4,RCB,,,433
2,78,55,enzo fernandez,0,69.3,74.4,90.9,59.9,CDM,,,433
2,81,22,marc cucurella,1,44.5,100.0,30.5,87.5,LB,levi colwill,LCB,433
2,81,28,levi colwill,1,33.5,71.9,32.6,50.9,LCB,enzo fernandez,CDM,433
2,81,35,enzo fernandez,1,40.0,39.1,41.6,72.0,CDM,levi colwill,LCB,433
2,81,37,levi colwill,1,41.6,70.7,60.1,89.1,LCB,marc cucurella,LB,433
2,81,41,marc cucurella,1,60.1,89.1,67.0,94.8,LB,mykhailo mudryk,LWF,433
2,81,44,mykhailo mudryk,1,67.0,94.8,55.9,92.1,LWF,marc cucurella,LB,433
2,81,46,marc cucurella,1,55.9,92.1,42.4,72.5,LB,levi colwill,LCB,433
2,81,48,levi colwill,1,42.4,72.5,41.6,47.6,LCB,enzo fernandez,CDM,433
2,81,51,enzo fernandez,1,39.9,46.9,46.8,66.2,CDM,cole palmer,RCM,433
2,81,58,cole palmer,0,52.4,32.2,62.1,0.0,RCM,,,433
2,82,28,noni madueke,1,39.4,3.8,44.6,16.7,RWF,moises caicedo,RB,433
2,82,30,moises caicedo,1,55.5,24.4,64.9,16.0,RB,cole palmer,RCM,433
2,82,41,noni madueke,1,65.1,0.0,44.5,9.8,RWF,wesley fofana,RCB,433
2,82,44,wesley fofana,1,44.1,11.9,41.5,36.5,RCB,enzo fernandez,CDM,433
2,82,46,enzo fernandez,1,42.1,37.0,44.0,66.3,CDM,levi colwill,LCB,433
2,82,49,levi colwill,1,44.0,66.3,58.9,89.3,LCB,marc cucurella,LB,433
2,82,51,marc cucurella,1,58.9,89.3,52.7,72.3,LB,levi colwill,LCB,433
2,82,53,levi colwill,1,52.7,72.3,51.8,49.6,LCB,enzo fernandez,CDM,433
2,82,55,enzo fernandez,1,52.2,48.8,62.9,12.2,CDM,wesley fofana,RCB,433
2,82,58,wesley fofana,1,62.9,12.2,74.1,7.9,RCB,noni madueke,RWF,433
2,83,33,mykhailo mudryk,1,41.0,68.0,55.2,46.1,LWF,joao felix,LCM,433
2,83,37,joao felix,1,66.4,38.3,81.7,15.7,LCM,noni madueke,RWF,433
2,83,44,noni madueke,1,76.8,27.2,71.0,46.7,RWF,enzo fernandez,CDM,433
2,83,45,enzo fernandez,1,71.0,46.7,71.8,65.9,CDM,marc cucurella,LB,433
2,83,47,marc cucurella,0,72.2,66.9,79.9,65.0,LB,,,433
2,83,59,levi colwill,1,42.8,93.2,20.8,67.4,LCB,robert sanchez,GK,433
2,84,2,robert sanchez,1,21.0,67.1,31.6,44.0,GK,wesley fofana,RCB,433
2,84,4,wesley fofana,1,31.6,44.0,35.9,59.9,RCB,enzo fernandez,CDM,433
2,84,9,enzo fernandez,1,47.1,55.2,55.4,45.7,CDM,cole palmer,RCM,433
2,84,11,cole palmer,1,56.3,46.1,63.6,18.5,RCM,moises caicedo,RB,433
2,84,13,moises caicedo,1,63.2,18.5,46.8,31.9,RB,wesley fofana,RCB,433
2,84,15,wesley fofana,1,46.8,31.9,57.8,36.2,RCB,cole palmer,RCM,433
2,84,18,cole palmer,1,54.1,40.1,55.0,72.9,RCM,levi colwill,LCB,433
2,84,24,levi colwill,1,57.4,70.8,60.9,83.4,LCB,marc cucurella,LB,433
2,84,26,marc cucurella,0,60.9,83.4,73.9,78.2,LB,,,433
2,85,42,robert sanchez,1,21.1,55.5,30.9,55.1,GK,enzo fernandez,CDM,433
2,85,46,enzo fernandez,1,41.0,48.7,58.3,15.1,CDM,wesley fofana,RCB,433
2,85,50,wesley fofana,1,59.6,15.2,74.8,6.2,RCB,christopher nkunku,RWF,433
2,85,52,christopher nkunku,1,74.8,6.2,65.3,12.1,RWF,wesley fofana,RCB,433
2,85,54,wesley fofana,1,65.2,12.1,66.8,34.3,RCB,cole palmer,RCM,433
2,85,58,cole palmer,1,65.3,51.3,73.0,89.3,RCM,mykhailo mudryk,LWF,433
2,86,3,mykhailo mudryk,0,90.1,88.7,96.7,56.1,LWF,,,433
2,86,9,wesley fofana,1,66.0,30.2,59.8,38.8,RCB,enzo fernandez,CDM,433
2,86,10,enzo fernandez,1,59.8,38.8,64.4,6.8,CDM,wesley fofana,RCB,433
2,86,18,wesley fofana,1,55.7,29.0,52.2,57.9,RCB,levi colwill,LCB,433
2,86,20,levi colwill,1,52.5,58.2,59.3,84.9,LCB,marc cucurella,LB,433
2,86,25,marc cucurella,1,59.8,84.9,53.0,68.4,LB,levi colwill,LCB,433
2,86,27,levi colwill,1,53.0,68.4,52.4,49.7,LCB,enzo fernandez,CDM,433
2,86,31,enzo fernandez,1,65.1,39.5,71.9,7.0,CDM,wesley fofana,RCB,433
2,86,35,wesley fofana,1,71.9,7.0,67.8,19.1,RCB,moises caicedo,RB,433
2,86,37,moises caicedo,1,67.8,19.1,42.2,42.1,RB,enzo fernandez,CDM,433
2,86,41,enzo fernandez,1,42.2,42.1,52.5,57.3,CDM,levi colwill,LCB,433
2,86,45,levi colwill,1,58.2,65.3,65.8,64.4,LCB,joao felix,LCM,433
2,86,50,moises caicedo,1,65.0,39.7,87.8,21.1,RB,christopher nkunku,RWF,433
2,86,52,christopher nkunku,0,88.1,21.5,87.9,30.1,RWF,,,433
2,86,59,christopher nkunku,1,74.7,10.3,65.5,16.0,RWF,wesley fofana,RCB,433
2,87,1,wesley fofana,1,65.5,16.0,64.7,35.8,RCB,enzo fernandez,CDM,433
2,87,2,enzo fernandez,1,64.7,35.8,71.2,38.6,CDM,cole palmer,RCM,433
2,87,5,cole palmer,0,71.2,38.6,100.0,72.6,RCM,,,433
2,88,7,enzo fernandez,1,33.4,71.9,45.8,80.3,CDM,mykhailo mudryk,LWF,433
2,88,9,mykhailo mudryk,1,45.8,80.3,44.1,65.1,LWF,cole palmer,RCM,433
2,88,12,cole palmer,1,44.1,65.0,34.2,64.4,RCM,enzo fernandez,CDM,433
2,88,12,enzo fernandez,1,34.3,64.2,45.8,52.4,CDM,christopher nkunku,RWF,433
2,88,14,christopher nkunku,1,43.6,49.0,43.4,16.1,RWF,moises caicedo,RB,433
2,88,17,moises caicedo,0,42.6,14.8,63.1,17.6,RB,,,433
2,88,54,levi colwill,1,26.3,91.7,24.7,79.1,LCB,enzo fernandez,CDM,433
2,88,59,enzo fernandez,1,26.6,69.3,31.3,42.8,CDM,cole palmer,RCM,433
2,89,3,cole palmer,1,40.0,29.8,62.4,2.5,RCM,christopher nkunku,RWF,433
2,89,5,christopher nkunku,1,62.4,2.6,46.6,5.0,RWF,wesley fofana,RCB,433
2,89,7,wesley fofana,1,45.8,8.6,37.7,41.2,RCB,enzo fernandez,CDM,433
2,89,11,enzo fernandez,1,38.3,44.2,53.9,90.6,CDM,marc cucurella,LB,433
2,89,14,marc cucurella,1,54.4,90.0,42.8,72.9,LB,levi colwill,LCB,433
2,89,17,levi colwill,1,43.4,72.6,55.8,70.7,LCB,joao felix,LCM,433
2,89,18,joao felix,1,55.8,70.7,42.3,70.2,LCM,levi colwill,LCB,433
2,89,22,levi colwill,1,47.9,67.5,83.5,7.7,LCB,christopher nkunku,RWF,433
2,89,27,christopher nkunku,1,83.5,8.2,87.6,15.8,RWF,wesley fofana,RCB,433
2,89,29,wesley fofana,0,94.0,15.0,84.5,22.3,RCB,,,433
2,89,36,christopher nkunku,0,99.2,40.3,98.2,41.9,RWF,,,433
2,90,11,marc cucurella,1,35.0,100.0,31.3,91.5,LB,levi colwill,LCB,433
2,90,14,levi colwill,1,33.9,91.7,31.9,56.1,LCB,enzo fernandez,CDM,433
2,90,18,enzo fernandez,1,36.3,38.5,54.1,13.1,CDM,wesley fofana,RCB,433
2,90,21,wesley fofana,1,54.1,13.1,38.3,29.2,RCB,enzo fernandez,CDM,433
2,90,23,enzo fernandez,1,38.3,29.2,48.2,51.5,CDM,cole palmer,RCM,433
2,90,27,cole palmer,1,55.7,61.7,64.4,90.8,RCM,mykhailo mudryk,LWF,433
2,90,42,marc cucurella,1,82.7,100.0,80.8,88.5,LB,cole palmer,RCM,433
2,91,53,moises caicedo,1,11.2,14.6,25.1,23.8,RB,christopher nkunku,RWF,433
2,91,55,christopher nkunku,1,25.1,23.8,21.3,13.9,RWF,moises caicedo,RB,433
2,91,58,moises caicedo,1,21.3,13.9,43.2,25.9,RB,joao felix,LCM,433
2,92,0,joao felix,1,43.2,25.9,37.4,31.6,LCM,christopher nkunku,RWF,433
2,92,3,christopher nkunku,1,62.7,41.9,84.4,31.6,RWF,nicolas jackson,CF,433
2,92,44,levi colwill,0,37.9,71.7,40.4,71.3,LCB,,,433
2,92,49,mykhailo mudryk,1,40.6,90.9,73.4,73.4,LWF,nicolas jackson,CF,433
2,93,39,mykhailo mudryk,1,42.4,94.5,57.4,72.9,LWF,nicolas jackson,CF,433
2,93,49,enzo fernandez,1,44.0,38.6,35.5,17.8,CDM,moises caicedo,RB,433
2,93,51,moises caicedo,1,35.5,17.8,39.7,34.1,RB,enzo fernandez,CDM,433
2,93,55,enzo fernandez,0,42.8,41.0,46.5,42.8,CDM,,,433
2,93,58,enzo fernandez,1,46.1,51.9,35.7,56.6,CDM,levi colwill,LCB,433
2,94,1,levi colwill,1,35.7,56.6,34.1,31.9,LCB,wesley fofana,RCB,433
2,94,3,wesley fofana,1,34.1,31.9,57.4,35.2,RCB,cole palmer,RCM,433
2,94,6,cole palmer,1,57.4,35.2,67.9,28.0,RCM,christopher nkunku,RWF,433
2,94,8,christopher nkunku,1,67.9,28.0,87.6,13.4,RWF,moises caicedo,RB,433
2,94,11,moises caicedo,1,87.6,13.4,80.3,14.8,RB,christopher nkunku,RWF,433
2,94,13,christopher nkunku,1,80.3,14.8,80.4,29.5,RWF,cole palmer,RCM,433
2,94,27,levi colwill,1,66.7,13.9,79.5,9.4,LCB,moises caicedo,RB,433
2,94,29,moises caicedo,1,79.5,9.4,74.8,22.3,RB,marc cucurella,LB,433
2,94,31,marc cucurella,1,72.2,27.4,68.8,53.4,LB,enzo fernandez,CDM,433
2,94,32,enzo fernandez,1,68.8,53.4,71.5,74.4,CDM,joao felix,LCM,433
2,94,35,joao felix,1,71.5,74.4,67.7,60.3,LCM,enzo fernandez,CDM,433
2,94,37,enzo fernandez,1,67.3,59.0,72.0,27.5,CDM,wesley fofana,RCB,433
2,94,39,wesley fofana,1,72.0,27.5,82.5,8.2,RCB,moises caicedo,RB,433
2,94,41,moises caicedo,1,82.5,8.2,81.2,26.5,RB,cole palmer,RCM,433
2,94,43,cole palmer,1,81.2,24.2,71.3,10.7,RCM,wesley fofana,RCB,433
2,94,45,wesley fofana,1,71.3,10.7,72.2,24.4,RCB,cole palmer,RCM,433
2,94,48,cole palmer,1,69.4,40.0,67.8,68.9,RCM,enzo fernandez,CDM,433
2,94,50,enzo fernandez,1,68.1,69.0,77.5,93.9,CDM,mykhailo mudryk,LWF,433
2,94,53,mykhailo mudryk,0,77.1,93.9,89.7,58.1,LWF,,,433
2,95,6,christopher nkunku,1,74.0,33.5,69.8,41.0,RWF,cole palmer,RCM,433
2,95,19,marc cucurella,1,39.2,73.1,41.6,88.1,LB,enzo fernandez,CDM,433
2,95,20,enzo fernandez,1,41.6,88.1,62.5,74.9,CDM,joao felix,LCM,433
2,96,28,robert sanchez,1,12.8,62.0,29.8,10.9,GK,moises caicedo,RB,433
2,96,34,moises caicedo,1,34.0,11.0,33.4,48.5,RB,enzo fernandez,CDM,433
2,96,37,enzo fernandez,0,39.1,46.7,76.4,60.9,CDM,,,433
2,96,50,wesley fofana,1,51.7,31.9,50.8,48.4,RCB,enzo fernandez,CDM,433
2,96,52,enzo fernandez,1,52.2,49.9,57.2,74.9,CDM,levi colwill,LCB,433
2,96,54,levi colwill,1,57.1,74.4,66.9,69.6,LCB,joao felix,LCM,433
2,96,56,joao felix,0,66.9,69.6,67.9,79.2,LCM,,,433
